{
  "project_info": {
    "project_number": "668345951642",
    "firebase_url": "https://homebroker-321cd.firebaseio.com",
    "project_id": "homebroker-321cd",
    "storage_bucket": "homebroker-321cd.appspot.com"
  },
  "client": [
    {
      "client_info": {
        "mobilesdk_app_id": "1:668345951642:android:8c502eb90ae44215",
        "android_client_info": {
          "package_name": "com.gbmmobile.hb"
        }
      },
      "oauth_client": [
        {
          "client_id": "668345951642-fs31f6ika33oagbpuqjv9a7sgb1r8tdd.apps.googleusercontent.com",
          "client_type": 1,
          "android_info": {
            "package_name": "com.gbmmobile.hb",
            "certificate_hash": "b73f77457905247e66ed20b26c04a56afb266303"
          }
        },
        {
          "client_id": "668345951642-mb9lmsprh9dl2cosqng1v0hupn6j1uik.apps.googleusercontent.com",
          "client_type": 3
        }
      ],
      "api_key": [
        {
          "current_key": "AIzaSyCWRlsTtBjysqSYIldUMkIPLfLmzzRJeGo"
        }
      ],
      "services": {
        "analytics_service": {
          "status": 1
        },
        "appinvite_service": {
          "status": 2,
          "other_platform_oauth_client": [
            {
              "client_id": "668345951642-6cldl8nlad376c16tgeun509kge384nu.apps.googleusercontent.com",
              "client_type": 2,
              "ios_info": {
                "bundle_id": "gbm.digital.homebroker.prod"
              }
            },
            {
              "client_id": "668345951642-mb9lmsprh9dl2cosqng1v0hupn6j1uik.apps.googleusercontent.com",
              "client_type": 3
            }
          ]
        },
        "ads_service": {
          "status": 2
        }
      }
    },
    {
      "client_info": {
        "mobilesdk_app_id": "1:668345951642:android:b8ab886c15bafdf5",
        "android_client_info": {
          "package_name": "com.gbmmobile.hb.dev"
        }
      },
      "oauth_client": [
        {
          "client_id": "668345951642-mb9lmsprh9dl2cosqng1v0hupn6j1uik.apps.googleusercontent.com",
          "client_type": 3
        }
      ],
      "api_key": [
        {
          "current_key": "AIzaSyCWRlsTtBjysqSYIldUMkIPLfLmzzRJeGo"
        }
      ],
      "services": {
        "analytics_service": {
          "status": 1
        },
        "appinvite_service": {
          "status": 1,
          "other_platform_oauth_client": []
        },
        "ads_service": {
          "status": 2
        }
      }
    },
    {
      "client_info": {
        "mobilesdk_app_id": "1:668345951642:android:f4133177a71d2904",
        "android_client_info": {
          "package_name": "com.gbmmobile.hb.sit"
        }
      },
      "oauth_client": [
        {
          "client_id": "668345951642-mb9lmsprh9dl2cosqng1v0hupn6j1uik.apps.googleusercontent.com",
          "client_type": 3
        }
      ],
      "api_key": [
        {
          "current_key": "AIzaSyCWRlsTtBjysqSYIldUMkIPLfLmzzRJeGo"
        }
      ],
      "services": {
        "analytics_service": {
          "status": 1
        },
        "appinvite_service": {
          "status": 1,
          "other_platform_oauth_client": []
        },
        "ads_service": {
          "status": 2
        }
      }
    },
    {
      "client_info": {
        "mobilesdk_app_id": "1:668345951642:android:954fba9d11662f9b",
        "android_client_info": {
          "package_name": "com.gbmmobile.hb.uat"
        }
      },
      "oauth_client": [
        {
          "client_id": "668345951642-mb9lmsprh9dl2cosqng1v0hupn6j1uik.apps.googleusercontent.com",
          "client_type": 3
        }
      ],
      "api_key": [
        {
          "current_key": "AIzaSyCWRlsTtBjysqSYIldUMkIPLfLmzzRJeGo"
        }
      ],
      "services": {
        "analytics_service": {
          "status": 1
        },
        "appinvite_service": {
          "status": 1,
          "other_platform_oauth_client": []
        },
        "ads_service": {
          "status": 2
        }
      }
    },
    {
      "client_info": {
        "mobilesdk_app_id": "1:668345951642:android:c7bf6036db5074c5",
        "android_client_info": {
          "package_name": "com.gbmmobile.hb.prod"
        }
      },
      "oauth_client": [
        {
          "client_id": "668345951642-mb9lmsprh9dl2cosqng1v0hupn6j1uik.apps.googleusercontent.com",
          "client_type": 3
        }
      ],
      "api_key": [
        {
          "current_key": "AIzaSyCWRlsTtBjysqSYIldUMkIPLfLmzzRJeGo"
        }
      ],
      "services": {
        "analytics_service": {
          "status": 1
        },
        "appinvite_service": {
          "status": 1,
          "other_platform_oauth_client": []
        },
        "ads_service": {
          "status": 2
        }
      }
    }
  ],
  "configuration_version": "1"
}